"Year","Country_Name","Country_Code","LifeExp_Female","LifeExp_Male","LifeExp_Total","GNIPerCapita","GNI","Mortality_U5_Total","Mortality_U5_Female","Mortality_U5_Male","HealthExp_percent_GDP"
2020,"Australia","AUS",85.3,81.2,83.2,53620,1.37575e+12,3.7,3.4,4.1,10.6489954
2020,"Austria","AUT",83.6,78.9,81.19268293,48990,4.36872e+11,3.6,3.3,3.9,11.47426033
2020,"Belgium","BEL",83,78.5,80.69512195,46040,5.31204e+11,4.1,3.6,4.6,11.06453228
2020,"Canada","CAN",83.96,79.49,81.6704878,43810,1.66505e+12,5.1,4.7,5.5,12.93967533
2020,"Chile","CHL",82.041,76.745,79.377,13010,2.51075e+11,6.9,6.3,7.4,9.75300503
2020,"Colombia","COL",78.136,71.537,74.769,5800,2.95511e+11,13.3,11.8,14.6,8.99294186
2020,"Costa Rica","CRI",81.912,76.751,79.277,11500,58897248120,7.9,7.4,8.4,7.855371
2020,"Czechia","CZE",81.3,75.3,78.22682927,21800,2.33177e+11,2.9,2.5,3.2,9.24007225
2020,"Denmark","DNK",83.6,79.7,81.60243902,62710,3.65663e+11,3.7,3.3,4,10.52817535
2020,"Estonia","EST",83,74.4,78.59512195,23570,31332182268,2.1,1.9,2.3,7.75206661
2020,"Finland","FIN",84.8,79.2,81.93170732,50060,2.76804e+11,2.2,2,2.4,9.61349583
2020,"France","FRA",85.3,79.2,82.17560976,39440,2.66486e+12,4.4,3.9,4.8,12.20504951
2020,"Germany","DEU",83.5,78.7,81.04146341,48050,3.99615e+12,3.6,3.4,3.9,12.82248878
2020,"Hungary","HUN",79,72.3,75.56829268,16040,1.56357e+11,4,3.7,4.4,7.25031424
2020,"Iceland","ISL",84.6,81.6,83.06341463,62110,22762034592,2.7,2.5,2.9,9.55796337
2020,"Ireland","IRL",84.4,80.8,82.55609756,65330,3.25688e+11,3.2,2.9,3.5,7.10143661
2020,"Israel","ISR",84.8,80.6,82.64878049,43310,3.9906e+11,3.4,3.1,3.7,8.31950188
2020,"Italy","ITA",84.5,80,82.19512195,32430,1.92739e+12,2.8,2.6,3,9.63378334
2020,"Japan","JPN",87.71,81.56,84.56,40870,5.1603e+12,2.4,2.3,2.5,10.9042511
2020,"Korea, Rep.","KOR",86.5,80.5,83.42682927,33040,1.71253e+12,3,2.7,3.3,8.36409569
2020,"Latvia","LVA",80,70.6,75.18536585,18240,34663193570,3.8,3.5,4.1,7.44663048
2020,"Lithuania","LTU",80.1,70.1,74.97804878,19670,54967485958,3.5,3.2,3.8,7.53844357
2020,"Luxembourg","LUX",84.5,79.9,82.14390244,79580,50171005792,2.8,2.5,3,5.76745605
2020,"Mexico","MEX",74.314,66.334,70.133,8750,1.10289e+12,13.7,12.4,15,6.2421484
2020,"Netherlands","NLD",83.1,79.7,81.35853659,50170,8.75071e+11,4.1,3.7,4.4,11.1359272
2020,"New Zealand","NZL",84.1,80.5,82.25609756,41590,2.11677e+11,4.8,4.4,5.2,10.02858734
2020,"Norway","NOR",84.9,81.6,83.2097561,78610,4.2288e+11,2.3,2,2.5,11.41755009
2020,"Poland","POL",80.7,72.5,76.5,15300,5.79897e+11,4.4,4,4.7,6.49310207
2020,"Portugal","PRT",84.1,78,80.97560976,21850,2.25e+11,3.3,3,3.6,10.54930592
2020,"Slovak Republic","SVK",80.4,73.5,76.86585366,19180,1.04682e+11,5.7,5.2,6.3,7.23213387
2020,"Slovenia","SVN",83.4,77.8,80.53170732,25400,53409183542,2.2,2,2.4,9.45357895
2020,"Spain","ESP",85.2,79.6,82.33170732,27130,1.28521e+12,3.1,2.8,3.4,10.71374989
2020,"Sweden","SWE",84.2,80.6,82.35609756,54830,5.67631e+11,2.5,2.3,2.8,11.37992764
2020,"Switzerland","CHE",85.1,81,83,82490,7.12524e+11,3.9,3.6,4.2,11.79635048
2020,"Turkiye","TUR",79.061,72.772,75.85,9080,7.63636e+11,9.5,8.8,10.1,4.61794329
2020,"United Kingdom","GBR",82.4,78.4,80.35121951,38590,2.5886e+12,4.3,3.9,4.6,11.97759342
2020,"United States","USA",79.9,74.2,76.9804878,64650,2.14323e+13,6.3,5.7,6.9,18.81582642
2019,"Australia","AUS",85,80.9,82.9,54900,1.39128e+12,3.8,3.4,4.1,10.22989082
2019,"Austria","AUT",84.2,79.7,81.89512195,51020,4.5309e+11,3.6,3.2,3.9,10.47507858
2019,"Belgium","BEL",84.3,79.8,81.99512195,48110,5.52708e+11,4.1,3.6,4.6,10.6635952
2019,"Canada","CAN",84.38,80.18,82.22878049,46600,1.7522e+12,5.2,4.8,5.5,10.95021915
2019,"Chile","CHL",82.711,77.894,80.326,14830,2.82311e+11,7.1,6.5,7.7,9.33272266
2019,"Colombia","COL",79.721,73.8,76.752,6590,3.30794e+11,13.7,12.2,15.1,8.1165638
2019,"Costa Rica","CRI",81.953,77.002,79.427,12040,61231309947,8.2,7.7,8.7,7.2212491
2019,"Czechia","CZE",82.2,76.4,79.22926829,22120,2.36019e+11,3,2.6,3.4,7.60487127
2019,"Denmark","DNK",83.5,79.5,81.45121951,63140,3.67132e+11,3.8,3.4,4.1,10.12139606
2019,"Estonia","EST",83,74.5,78.64634146,23010,30531362126,2.3,2.1,2.5,6.82277584
2019,"Finland","FIN",84.8,79.3,81.98292683,49940,2.75745e+11,2.3,2.1,2.5,9.17165565
2019,"France","FRA",85.9,79.9,82.82682927,42460,2.8616e+12,4.3,3.9,4.8,11.09835148
2019,"Germany","DEU",83.7,79,81.29268293,49220,4.08975e+12,3.7,3.4,4,11.69622993
2019,"Hungary","HUN",79.7,73.1,76.3195122,16570,1.61911e+11,4.1,3.7,4.5,6.29731894
2019,"Iceland","ISL",84.7,81.7,83.16341463,72980,26312240284,2.7,2.5,2.9,8.5256052
2019,"Ireland","IRL",84.7,80.8,82.70243902,63570,3.13661e+11,3.3,3,3.6,6.6733737
2019,"Israel","ISR",84.7,81,82.80487805,44070,3.99014e+11,3.5,3.2,3.8,7.47252941
2019,"Italy","ITA",85.7,81.4,83.49756098,34930,2.08643e+12,3,2.8,3.2,8.6563549
2019,"Japan","JPN",87.45,81.41,84.35634146,41970,5.31522e+12,2.5,2.3,2.6,10.75110722
2019,"Korea, Rep.","KOR",86.3,80.3,83.22682927,33830,1.75111e+12,3.1,2.8,3.4,8.14101028
2019,"Latvia","LVA",80.1,70.9,75.38780488,17830,34123546664,4,3.7,4.3,6.62088203
2019,"Lithuania","LTU",81.2,71.6,76.28292683,19080,53299227476,3.8,3.4,4.1,6.99864721
2019,"Luxembourg","LUX",85.2,80.2,82.63902439,77500,48050172306,2.8,2.5,3.1,5.44119692
2019,"Mexico","MEX",77.574,70.931,74.202,9660,1.20823e+12,14.2,12.8,15.5,5.44627905
2019,"Netherlands","NLD",83.7,80.6,82.11219512,51930,9.00777e+11,4,3.7,4.4,10.14039612
2019,"New Zealand","NZL",83.9,80.3,82.05609756,43110,2.14671e+11,4.9,4.5,5.3,9.48335075
2019,"Norway","NOR",84.7,81.3,82.95853659,82430,4.40833e+11,2.4,2.1,2.6,10.5360651
2019,"Poland","POL",81.9,74.1,77.90487805,15330,5.82051e+11,4.4,4,4.8,6.44682503
2019,"Portugal","PRT",84.8,78.7,81.67560976,23200,2.38595e+11,3.4,3.1,3.8,9.51379871
2019,"Slovak Republic","SVK",81.2,74.3,77.66585366,19200,1.04737e+11,5.8,5.3,6.4,6.94772625
2019,"Slovenia","SVN",84.5,78.7,81.52926829,26040,54374210585,2.3,2.1,2.5,8.52314281
2019,"Spain","ESP",86.7,81.1,83.83170732,30360,1.43119e+12,3.2,2.9,3.5,9.13947964
2019,"Sweden","SWE",84.8,81.5,83.1097561,56470,5.80429e+11,2.6,2.4,2.8,10.83224297
2019,"Switzerland","CHE",85.8,82.1,83.90487805,83160,7.13126e+11,4,3.7,4.3,11.28695965
2019,"Turkiye","TUR",80.953,74.68,77.832,9690,8.08548e+11,10.1,9.4,10.7,4.35956669
2019,"United Kingdom","GBR",83.3,79.6,81.40487805,43380,2.89937e+12,4.3,3.9,4.7,9.87480068
2019,"United States","USA",81.4,76.3,78.78780488,66130,2.17134e+13,6.4,5.8,7,16.67647362
2018,"Australia","AUS",84.9,80.7,82.74878049,53100,1.32569e+12,3.8,3.4,4.1,10.07391548
2018,"Austria","AUT",84.1,79.4,81.69268293,48980,4.33014e+11,3.6,3.2,3.9,10.34483242
2018,"Belgium","BEL",83.9,79.4,81.59512195,46060,5.26315e+11,4.1,3.6,4.6,10.78789711
2018,"Canada","CAN",83.99,79.8,81.84390244,45080,1.67091e+12,5.2,4.9,5.6,10.84608173
2018,"Chile","CHL",82.527,77.684,80.133,14600,2.73092e+11,7.4,6.8,8,9.15850353
2018,"Colombia","COL",79.66,73.842,76.748,6320,3.11265e+11,14.1,12.6,15.6,7.62541389
2018,"Costa Rica","CRI",82.083,76.996,79.484,11880,59880004849,8.4,7.9,9,7.28587723
2018,"Czechia","CZE",82,76.2,79.02926829,20560,2.18603e+11,3.1,2.7,3.5,7.47199488
2018,"Denmark","DNK",82.9,79.1,80.95365854,61260,3.54925e+11,3.9,3.5,4.2,10.09764194
2018,"Estonia","EST",82.7,74,78.24390244,21180,27993622667,2.5,2.2,2.7,6.72095728
2018,"Finland","FIN",84.5,79.1,81.73414634,48210,2.6593e+11,2.3,2.1,2.5,9.04490948
2018,"France","FRA",85.8,79.7,82.67560976,41170,2.76477e+12,4.3,3.9,4.7,11.21255589
2018,"Germany","DEU",83.3,78.6,80.89268293,47490,3.93744e+12,3.8,3.5,4.1,11.45727539
2018,"Hungary","HUN",79.6,72.7,76.06585366,14980,1.46459e+11,4.2,3.9,4.6,6.5753026
2018,"Iceland","ISL",84.5,81.3,82.86097561,67770,23904816144,2.7,2.5,2.9,8.37734032
2018,"Ireland","IRL",84.1,80.4,82.20487805,59350,2.88885e+11,3.4,3.1,3.7,6.88002014
2018,"Israel","ISR",84.8,80.9,82.80243902,41690,3.70366e+11,3.7,3.4,3.9,7.28700161
2018,"Italy","ITA",85.6,81.2,83.34634146,33850,2.04524e+12,3.2,2.9,3.4,8.68187714
2018,"Japan","JPN",87.32,81.25,84.21097561,41800,5.30039e+12,2.5,2.4,2.7,10.74637508
2018,"Korea, Rep.","KOR",85.7,79.7,82.62682927,32750,1.68921e+12,3.2,2.9,3.5,7.5438838
2018,"Latvia","LVA",79.7,70.1,74.78292683,16560,31911054061,4.2,3.8,4.5,6.18867874
2018,"Lithuania","LTU",80.7,70.9,75.6804878,17470,48952802285,4.1,3.7,4.4,6.53044701
2018,"Luxembourg","LUX",84.6,80.1,82.29512195,79770,48498828818,2.8,2.6,3.1,5.25880098
2018,"Mexico","MEX",77.286,70.829,74.015,9350,1.15898e+12,14.7,13.2,16,5.38345814
2018,"Netherlands","NLD",83.4,80.3,81.81219512,50540,8.70934e+11,4,3.7,4.4,10.01993561
2018,"New Zealand","NZL",83.5,80,81.70731707,41680,2.04257e+11,5,4.6,5.5,9.0351162
2018,"Norway","NOR",84.5,81.1,82.75853659,80970,4.30122e+11,2.4,2.2,2.7,10.02394581
2018,"Poland","POL",81.7,73.7,77.60243902,14180,5.383e+11,4.5,4.1,4.9,6.32764196
2018,"Portugal","PRT",84.5,78.3,81.32439024,22060,2.26845e+11,3.6,3.2,3.9,9.4126482
2018,"Slovak Republic","SVK",80.8,73.9,77.26585366,18400,1.002e+11,5.9,5.3,6.5,6.69954538
2018,"Slovenia","SVN",84.4,78.5,81.37804878,24650,51121940555,2.4,2.2,2.6,8.27911568
2018,"Spain","ESP",86.3,80.7,83.43170732,29330,1.37243e+12,3.2,2.9,3.5,9.00140381
2018,"Sweden","SWE",84.3,80.9,82.55853659,55700,5.66775e+11,2.7,2.5,2.9,10.94106293
2018,"Switzerland","CHE",85.7,81.9,83.75365854,82470,7.02166e+11,4.1,3.7,4.4,11.38538456
2018,"Turkiye","TUR",80.684,74.417,77.563,10470,8.66736e+11,10.7,10,11.4,4.12363815
2018,"United Kingdom","GBR",83.1,79.5,81.25609756,42180,2.80314e+12,4.4,4,4.8,9.65815544
2018,"United States","USA",81.2,76.2,78.63902439,63460,2.07398e+13,6.5,5.9,7.2,16.64094353
2017,"Australia","AUS",84.6,80.5,82.5,51490,1.26629e+12,3.8,3.4,4.1,10.1257143
2017,"Austria","AUT",84,79.4,81.64390244,45040,3.96282e+11,3.6,3.2,3.9,10.38402557
2017,"Belgium","BEL",83.9,79.2,81.49268293,42520,4.83618e+11,4.1,3.6,4.5,10.75165462
2017,"Canada","CAN",84.02,79.75,81.83292683,42900,1.56776e+12,5.3,4.9,5.6,10.86184978
2017,"Chile","CHL",82.601,78.015,80.35,13340,2.44995e+11,7.6,7,8.2,9.06854153
2017,"Colombia","COL",79.535,73.759,76.646,6010,2.90429e+11,14.6,13,16.1,7.67864323
2017,"Costa Rica","CRI",81.76,77.07,79.377,11400,56910786746,8.7,8,9.2,7.04522991
2017,"Czechia","CZE",82,76.1,78.97804878,18310,1.93979e+11,3.2,2.8,3.6,7.38071537
2017,"Denmark","DNK",83.1,79.2,81.10243902,56690,3.26789e+11,4,3.6,4.3,10.09825516
2017,"Estonia","EST",82.6,73.8,78.09268293,18760,24718216209,2.7,2.4,2.9,6.59727049
2017,"Finland","FIN",84.5,78.9,81.63170732,44840,2.47001e+11,2.4,2.2,2.6,9.12670135
2017,"France","FRA",85.7,79.6,82.57560976,38320,2.56409e+12,4.3,3.8,4.7,11.35755825
2017,"Germany","DEU",83.4,78.7,80.99268293,43760,3.61706e+12,3.9,3.5,4.2,11.32420826
2017,"Hungary","HUN",79.3,72.5,75.81707317,13180,1.29048e+11,4.5,4.1,4.8,6.73819399
2017,"Iceland","ISL",84.3,81.1,82.66097561,60230,20683023302,2.7,2.5,2.9,8.26131916
2017,"Ireland","IRL",84,80.4,82.15609756,53520,2.57285e+11,3.5,3.2,3.8,7.14633131
2017,"Israel","ISR",84.6,80.6,82.55121951,38320,3.33908e+11,3.8,3.5,4,7.23601007
2017,"Italy","ITA",85.2,80.8,82.94634146,31380,1.89945e+12,3.3,3.1,3.6,8.67773914
2017,"Japan","JPN",87.26,81.09,84.0997561,38930,4.94301e+12,2.6,2.5,2.7,10.65627098
2017,"Korea, Rep.","KOR",85.7,79.7,82.62682927,30300,1.55602e+12,3.3,3,3.6,7.10694885
2017,"Latvia","LVA",79.7,69.8,74.62926829,14870,28872601700,4.4,4.1,4.8,5.96542788
2017,"Lithuania","LTU",80.5,70.7,75.4804878,15280,43229711460,4.4,4,4.8,6.47513723
2017,"Luxembourg","LUX",84.4,79.9,82.09512195,75800,45202229278,2.8,2.5,3.1,5.13535357
2017,"Mexico","MEX",77.303,71.044,74.138,9060,1.11262e+12,15.2,13.7,16.6,5.45759058
2017,"Netherlands","NLD",83.4,80.2,81.76097561,46270,7.92654e+11,4,3.6,4.4,10.1082983
2017,"New Zealand","NZL",83.6,80.2,81.85853659,38860,1.87042e+11,5.2,4.7,5.6,8.96694851
2017,"Norway","NOR",84.3,81,82.6097561,76230,4.02288e+11,2.5,2.3,2.8,10.31589031
2017,"Poland","POL",81.8,73.9,77.75365854,12690,4.81877e+11,4.7,4.2,5.1,6.5601325
2017,"Portugal","PRT",84.6,78.4,81.42439024,20060,2.06625e+11,3.6,3.3,4,9.30583763
2017,"Slovak Republic","SVK",80.7,73.8,77.16585366,16670,90648617588,6,5.4,6.6,6.77511358
2017,"Slovenia","SVN",84,78.2,81.02926829,22140,45754228736,2.4,2.2,2.6,8.18480968
2017,"Spain","ESP",86.1,80.6,83.28292683,27120,1.26357e+12,3.2,2.9,3.5,8.94976807
2017,"Sweden","SWE",84.1,80.8,82.4097561,53050,5.33534e+11,2.8,2.5,3,10.78509998
2017,"Switzerland","CHE",85.6,81.6,83.55121951,80770,6.8267e+11,4.1,3.8,4.5,11.48099899
2017,"Turkiye","TUR",80.293,73.985,77.141,10850,8.90533e+11,11.4,10.7,12.1,4.17974997
2017,"United Kingdom","GBR",83.1,79.5,81.25609756,41740,2.75752e+12,4.4,4,4.8,9.58797741
2017,"United States","USA",81.1,76.1,78.53902439,59220,1.92544e+13,6.6,6,7.2,16.76793671
2016,"Australia","AUS",84.6,80.4,82.44878049,54080,1.30822e+12,3.8,3.5,4.1,10.09023094
2016,"Austria","AUT",84.1,79.3,81.64146341,46240,4.03991e+11,3.6,3.3,3.9,10.3522625
2016,"Belgium","BEL",84,79,81.43902439,43400,4.9177e+11,4.1,3.6,4.5,10.76264191
2016,"Canada","CAN",84.03,79.92,81.92487805,43890,1.58489e+12,5.3,5,5.7,11.03318405
2016,"Chile","CHL",82.57,77.496,80.079,13440,2.43e+11,7.8,7.1,8.5,8.51866722
2016,"Colombia","COL",79.44,73.519,76.471,6530,3.11103e+11,15.1,13.4,16.7,7.53117037
2016,"Costa Rica","CRI",82.008,77.01,79.459,11000,54400824742,8.9,8.2,9.5,7.31724358
2016,"Czechia","CZE",82.1,76.1,79.02682927,17670,1.8673e+11,3.2,2.8,3.6,7.10654974
2016,"Denmark","DNK",82.8,79,80.85365854,58040,3.32444e+11,4,3.7,4.4,10.25162029
2016,"Estonia","EST",82.2,73.3,77.64146341,18290,24062824109,2.9,2.6,3.2,6.70240974
2016,"Finland","FIN",84.4,78.6,81.42926829,45530,2.50228e+11,2.4,2.2,2.6,9.37796021
2016,"France","FRA",85.8,79.5,82.57317073,39100,2.60889e+12,4.2,3.8,4.6,11.48530769
2016,"Germany","DEU",83.5,78.6,80.9902439,44280,3.64662e+12,3.9,3.6,4.2,11.23263836
2016,"Hungary","HUN",79.7,72.6,76.06341463,13100,1.28561e+11,4.7,4.3,5.1,6.98634624
2016,"Iceland","ISL",84.1,80.4,82.20487805,54910,18419638944,2.7,2.4,2.9,8.09714794
2016,"Ireland","IRL",83.6,79.8,81.65365854,51790,2.46289e+11,3.6,3.3,3.9,7.44555712
2016,"Israel","ISR",84.2,80.7,82.40731707,36970,3.15959e+11,3.8,3.5,4.1,7.16409779
2016,"Italy","ITA",85.6,81,83.24390244,31970,1.93826e+12,3.4,3.2,3.7,8.72533035
2016,"Japan","JPN",87.14,80.98,83.98487805,38460,4.88758e+12,2.7,2.6,2.8,10.65891552
2016,"Korea, Rep.","KOR",85.4,79.3,82.27560976,29330,1.50201e+12,3.4,3.1,3.7,6.91432714
2016,"Latvia","LVA",79.6,69.8,74.5804878,14800,28996884265,4.7,4.3,5.1,6.1332593
2016,"Lithuania","LTU",80.1,69.5,74.67073171,14890,42716149556,4.7,4.3,5.1,6.63746262
2016,"Luxembourg","LUX",85.4,80.1,82.68536585,73730,42910077270,2.8,2.5,3.1,5.07103872
2016,"Mexico","MEX",77.486,71.398,74.412,9530,1.15805e+12,15.7,14.1,17.1,5.55345869
2016,"Netherlands","NLD",83.2,80,81.56097561,46480,7.91582e+11,4,3.7,4.4,10.2942524
2016,"New Zealand","NZL",83.4,80,81.65853659,39450,1.85977e+11,5.3,4.9,5.8,9.24379444
2016,"Norway","NOR",84.2,80.7,82.40731707,81870,4.28566e+11,2.6,2.4,2.9,10.59129524
2016,"Poland","POL",82,73.9,77.85121951,12660,4.8067e+11,4.8,4.3,5.2,6.53473854
2016,"Portugal","PRT",84.3,78.1,81.12439024,19940,2.05925e+11,3.7,3.3,4,9.39439487
2016,"Slovak Republic","SVK",80.7,73.8,77.16585366,16840,91468840825,6.1,5.5,6.7,7.11356306
2016,"Slovenia","SVN",84.3,78.2,81.17560976,21790,44991600710,2.5,2.3,2.7,8.4630394
2016,"Spain","ESP",86.3,80.5,83.32926829,27570,1.2815e+12,3.3,3,3.6,8.95201397
2016,"Sweden","SWE",84.1,80.6,82.30731707,54390,5.39698e+11,2.8,2.6,3.1,10.85240364
2016,"Switzerland","CHE",85.6,81.7,83.60243902,83360,6.97965e+11,4.2,3.9,4.5,11.30005455
2016,"Turkiye","TUR",79.894,73.448,76.66,11090,8.98805e+11,12.2,11.4,12.8,4.28469229
2016,"United Kingdom","GBR",83,79.4,81.15609756,43150,2.83092e+12,4.4,4,4.8,9.69526958
2016,"United States","USA",81.1,76.1,78.53902439,57140,1.8459e+13,6.7,6.1,7.3,16.79314804
2015,"Australia","AUS",84.5,80.4,82.4,60480,1.4405e+12,3.9,3.5,4.2,10.18361282
2015,"Austria","AUT",83.7,78.8,81.1902439,47480,4.10367e+11,3.7,3.3,4,10.36746693
2015,"Belgium","BEL",83.4,78.7,80.99268293,45570,5.13774e+11,4.1,3.6,4.6,10.77388
2015,"Canada","CAN",83.89,79.84,81.81560976,47590,1.69893e+12,5.4,5,5.7,10.74362469
2015,"Chile","CHL",82.384,77.035,79.746,14210,2.53967e+11,8,7.3,8.6,8.30269146
2015,"Colombia","COL",79.292,73.252,76.257,7400,3.48545e+11,15.6,13.9,17.2,7.52338505
2015,"Costa Rica","CRI",81.569,76.698,79.086,10610,51917061713,9.1,8.4,9.7,7.59196186
2015,"Czechia","CZE",81.6,75.7,78.57804878,18370,1.93692e+11,3.2,2.8,3.5,7.19641495
2015,"Denmark","DNK",82.7,78.8,80.70243902,60510,3.43919e+11,4.1,3.7,4.4,10.34411812
2015,"Estonia","EST",82.2,73.2,77.5902439,18570,24427565023,3.1,2.8,3.4,6.64135027
2015,"Finland","FIN",84.4,78.7,81.4804878,47180,2.58523e+11,2.5,2.3,2.7,9.64523888
2015,"France","FRA",85.6,79.2,82.32195122,41130,2.73726e+12,4.2,3.7,4.6,11.44077206
2015,"Germany","DEU",83.1,78.3,80.64146341,45780,3.74002e+12,3.9,3.6,4.2,11.18386841
2015,"Hungary","HUN",79,72.3,75.56829268,13230,1.30198e+11,5.1,4.6,5.5,6.85204268
2015,"Iceland","ISL",83.8,81.2,82.46829268,49940,16521359936,2.6,2.4,2.8,8.06978989
2015,"Ireland","IRL",83.4,79.6,81.45365854,50280,2.36408e+11,3.7,3.4,4,7.31753302
2015,"Israel","ISR",84.1,80.1,82.05121951,36640,3.07007e+11,3.9,3.6,4.2,7.10024405
2015,"Italy","ITA",84.9,80.3,82.54390244,33000,2.00402e+12,3.5,3.2,3.8,8.85689163
2015,"Japan","JPN",86.99,80.75,83.79390244,39380,5.00647e+12,2.8,2.6,2.9,10.74969959
2015,"Korea, Rep.","KOR",85.2,79,82.02439024,28720,1.46506e+12,3.5,3.2,3.8,6.65271664
2015,"Latvia","LVA",79.5,69.7,74.4804878,15110,29871550644,5.1,4.7,5.5,5.65211773
2015,"Lithuania","LTU",79.7,69.2,74.32195122,15190,44113300214,4.9,4.4,5.3,6.49043989
2015,"Luxembourg","LUX",84.7,80,82.29268293,73530,41884059862,2.8,2.5,3,5.08113575
2015,"Mexico","MEX",77.692,71.723,74.682,10310,1.23847e+12,16.2,14.6,17.7,5.72277403
2015,"Netherlands","NLD",83.2,79.9,81.5097561,49300,8.35162e+11,4.1,3.7,4.4,10.32393837
2015,"New Zealand","NZL",83.4,79.91,81.61243902,40660,1.87405e+11,5.5,5,6,9.28344345
2015,"Norway","NOR",84.2,80.5,82.30487805,93440,4.84805e+11,2.7,2.4,3,10.13146877
2015,"Poland","POL",81.6,73.5,77.45121951,13250,5.03183e+11,4.9,4.4,5.3,6.39477158
2015,"Portugal","PRT",84.3,78.1,81.12439024,20460,2.11897e+11,3.7,3.3,4,9.31645775
2015,"Slovak Republic","SVK",80.2,73.1,76.56341463,17760,96323693602,6.2,5.6,6.8,6.78228903
2015,"Slovenia","SVN",83.9,77.8,80.77560976,22270,45948067561,2.6,2.4,2.8,8.49823952
2015,"Spain","ESP",85.7,80.1,82.83170732,28460,1.3219e+12,3.3,3,3.6,9.12642574
2015,"Sweden","SWE",84.1,80.4,82.20487805,58440,5.72699e+11,2.9,2.6,3.1,10.80418396
2015,"Switzerland","CHE",85.1,80.8,82.89756098,86810,7.19021e+11,4.3,3.9,4.6,11.00794983
2015,"Turkiye","TUR",79.787,73.498,76.646,11860,9.44501e+11,13,12.2,13.7,4.11690426
2015,"United Kingdom","GBR",82.8,79.2,80.95609756,44480,2.89649e+12,4.5,4,4.9,9.75462151
2015,"United States","USA",81.2,76.3,78.6902439,56620,1.81589e+13,6.8,6.2,7.4,16.48109245
2014,"Australia","AUS",84.4,80.3,82.3,65190,1.53027e+12,4,3.6,4.3,9.84760189
2014,"Austria","AUT",84,79.1,81.4902439,50390,4.30664e+11,3.8,3.4,4.1,10.36809158
2014,"Belgium","BEL",83.9,78.8,81.28780488,47820,5.36066e+11,4.1,3.6,4.6,10.57526302
2014,"Canada","CAN",83.91,79.76,81.78439024,52200,1.84973e+12,5.4,5,5.8,10.25806713
2014,"Chile","CHL",82.145,76.736,79.473,14830,2.62315e+11,8.1,7.4,8.8,7.80729866
2014,"Colombia","COL",79.139,72.985,76.043,8260,3.85376e+11,16.1,14.3,17.8,7.18553209
2014,"Costa Rica","CRI",81.236,76.409,78.774,10250,49647414907,9.3,8.6,10,7.66376162
2014,"Czechia","CZE",82,75.8,78.82439024,18900,1.98969e+11,3.1,2.8,3.5,7.59677219
2014,"Denmark","DNK",82.8,78.7,80.7,63670,3.59299e+11,4.1,3.7,4.4,10.30918217
2014,"Estonia","EST",81.9,72.4,77.03414634,18880,24820276439,3.4,3,3.7,6.36199951
2014,"Finland","FIN",84.1,78.4,81.1804878,49420,2.69902e+11,2.6,2.3,2.8,9.78115082
2014,"France","FRA",86.1,79.5,82.7195122,43340,2.87405e+12,4.1,3.7,4.5,11.53414917
2014,"Germany","DEU",83.6,78.7,81.0902439,47640,3.85831e+12,4,3.6,4.3,11.02219391
2014,"Hungary","HUN",79.4,72.3,75.76341463,13560,1.33743e+11,5.4,4.9,5.8,7.04440498
2014,"Iceland","ISL",84.5,81.3,82.86097561,48090,15743510973,2.6,2.4,2.8,8.22888947
2014,"Ireland","IRL",83.5,79.3,81.34878049,46480,2.16489e+11,3.8,3.5,4.1,9.54538631
2014,"Israel","ISR",84.1,80.3,82.15365854,36670,3.01255e+11,4,3.7,4.3,7.12200594
2014,"Italy","ITA",85.6,80.7,83.0902439,34910,2.12231e+12,3.6,3.3,3.9,8.86791801
2014,"Japan","JPN",86.83,80.5,83.58780488,44440,5.65606e+12,2.8,2.7,3,10.7290144
2014,"Korea, Rep.","KOR",85,78.6,81.72195122,28160,1.42911e+12,3.6,3.3,3.9,6.47438097
2014,"Latvia","LVA",79.4,69.1,74.12439024,15340,30580823905,5.5,5.1,5.9,5.46339607
2014,"Lithuania","LTU",80.1,69.2,74.51707317,16070,47118071175,5,4.5,5.4,6.19332647
2014,"Luxembourg","LUX",85.2,79.4,82.22926829,86760,48264011141,2.8,2.5,3,5.23040915
2014,"Mexico","MEX",77.782,71.859,74.797,10640,1.26384e+12,16.8,15,18.4,5.55340958
2014,"Netherlands","NLD",83.5,80,81.70731707,51600,8.70314e+11,4.1,3.7,4.5,10.56703758
2014,"New Zealand","NZL",83.27,79.73,81.45682927,41690,1.883e+11,5.7,5.1,6.2,9.40168381
2014,"Norway","NOR",84.2,80.1,82.1,105070,5.39757e+11,2.8,2.5,3.1,9.34493446
2014,"Poland","POL",81.7,73.7,77.60243902,13470,5.12088e+11,5,4.6,5.5,6.38664055
2014,"Portugal","PRT",84.4,78,81.12195122,21200,2.2053e+11,3.6,3.3,4,9.3428812
2014,"Slovak Republic","SVK",80.5,73.3,76.81219512,18340,99388874028,6.4,5.8,7,6.90780544
2014,"Slovenia","SVN",84.1,78.2,81.07804878,23620,48698546435,2.7,2.5,2.9,8.50197601
2014,"Spain","ESP",86.2,80.4,83.22926829,29160,1.35526e+12,3.4,3.1,3.6,9.08897781
2014,"Sweden","SWE",84.2,80.4,82.25365854,61870,5.99864e+11,2.9,2.6,3.2,10.9479475
2014,"Switzerland","CHE",85.4,81.1,83.19756098,88250,7.22614e+11,4.3,4,4.7,10.6164217
2014,"Turkiye","TUR",79.623,73.468,76.565,12480,9.7516e+11,13.8,13,14.6,4.32517862
2014,"United Kingdom","GBR",83.2,79.5,81.30487805,44590,2.88056e+12,4.5,4.1,5,9.82684326
2014,"United States","USA",81.3,76.5,78.84146341,55800,1.77651e+13,6.9,6.2,7.5,16.19240761
2013,"Australia","AUS",84.3,80.1,82.14878049,66050,1.52771e+12,4.1,3.8,4.5,8.75082779
2013,"Austria","AUT",83.8,78.6,81.13658537,50720,4.30137e+11,3.9,3.5,4.3,10.28574848
2013,"Belgium","BEL",83.2,78.1,80.58780488,47900,5.34535e+11,4.2,3.7,4.7,10.54895115
2013,"Canada","CAN",83.85,79.74,81.74487805,52800,1.8525e+12,5.5,5.1,5.9,10.41469765
2013,"Chile","CHL",82.034,76.579,79.339,15230,2.66743e+11,8.3,7.5,8.9,7.44478321
2013,"Colombia","COL",78.972,72.725,75.827,8000,3.69804e+11,16.7,14.8,18.4,7.01724052
2013,"Costa Rica","CRI",81.762,77.112,79.403,9840,47131670317,9.6,8.8,10.3,7.68229294
2013,"Czechia","CZE",81.3,75.2,78.17560976,19410,2.04098e+11,3.2,2.8,3.5,7.7224946
2013,"Denmark","DNK",82.4,78.3,80.3,63200,3.54891e+11,4.1,3.7,4.4,10.32915878
2013,"Estonia","EST",81.7,72.8,77.14146341,18140,23904432973,3.6,3.2,4,6.01667261
2013,"Finland","FIN",84.1,78,80.97560976,49510,2.69268e+11,2.7,2.4,2.9,9.80534649
2013,"France","FRA",85.6,79,82.2195122,43800,2.8909e+12,4.1,3.7,4.5,11.40466881
2013,"Germany","DEU",83,78.1,80.4902439,47220,3.80784e+12,4,3.6,4.3,10.99848843
2013,"Hungary","HUN",79.1,72.2,75.56585366,13520,1.33746e+11,5.6,5.1,6.1,7.23183966
2013,"Iceland","ISL",83.7,80.5,82.06097561,46960,15205106971,2.6,2.4,2.8,8.17555237
2013,"Ireland","IRL",83.1,78.9,80.94878049,43580,2.01525e+11,3.9,3.5,4.2,10.30873108
2013,"Israel","ISR",83.9,80.3,82.05609756,35080,2.82746e+11,4.1,3.8,4.4,7.04248762
2013,"Italy","ITA",85.2,80.3,82.6902439,35570,2.14231e+12,3.7,3.4,4,8.77543831
2013,"Japan","JPN",86.61,80.21,83.33195122,48850,6.22597e+12,2.9,2.7,3.1,10.67438698
2013,"Korea, Rep.","KOR",84.6,78.1,81.27073171,26980,1.36036e+12,3.7,3.4,4,6.24789429
2013,"Latvia","LVA",78.9,69.3,73.98292683,14850,29877933907,6.1,5.6,6.5,5.40874767
2013,"Lithuania","LTU",79.6,68.5,73.91463415,15340,45363126790,5.1,4.6,5.5,6.12593651
2013,"Luxembourg","LUX",83.9,79.8,81.8,85160,46271724216,2.8,2.5,3,5.23557377
2013,"Mexico","MEX",77.706,71.814,74.739,10400,1.22018e+12,17.3,15.6,19,5.80923605
2013,"Netherlands","NLD",83.2,79.5,81.30487805,51900,8.72102e+11,4.1,3.7,4.5,10.58363628
2013,"New Zealand","NZL",83.3,79.6,81.40487805,39950,1.77463e+11,5.8,5.3,6.4,9.36019325
2013,"Norway","NOR",83.8,79.8,81.75121951,104830,5.32485e+11,2.9,2.6,3.2,8.92953396
2013,"Poland","POL",81.2,73,77,13230,5.03371e+11,5.2,4.7,5.7,6.41485739
2013,"Portugal","PRT",84,77.6,80.72195122,21380,2.23594e+11,3.7,3.3,4,9.40486622
2013,"Slovak Republic","SVK",80.1,72.9,76.41219512,18270,98900792970,6.5,5.9,7.1,7.52300453
2013,"Slovenia","SVN",83.6,77.2,80.32195122,23240,47878543425,2.8,2.6,3,8.74028301
2013,"Spain","ESP",86.1,80.2,83.07804878,29230,1.36293e+12,3.5,3.2,3.7,9.06693172
2013,"Sweden","SWE",83.8,80.2,81.95609756,61800,5.93346e+11,2.9,2.7,3.2,10.90491486
2013,"Switzerland","CHE",85,80.7,82.79756098,90590,7.32809e+11,4.4,4,4.8,10.46214485
2013,"Turkiye","TUR",79.398,73.162,76.297,12500,9.56939e+11,14.7,13.9,15.5,4.37099934
2013,"United Kingdom","GBR",82.9,79.2,81.00487805,42800,2.745e+12,4.6,4.2,5.1,9.84154701
2013,"United States","USA",81.2,76.4,78.74146341,53990,1.70644e+13,7,6.3,7.6,15.98693848
2012,"Australia","AUS",84.3,79.9,82.04634146,60270,1.37008e+12,4.3,3.9,4.7,8.67481709
2012,"Austria","AUT",83.6,78.4,80.93658537,50100,4.22312e+11,4,3.6,4.4,10.19915581
2012,"Belgium","BEL",83.1,77.8,80.38536585,47130,5.23506e+11,4.3,3.8,4.8,10.4796896
2012,"Canada","CAN",83.82,79.61,81.66365854,51080,1.7732e+12,5.6,5.2,6,10.51472855
2012,"Chile","CHL",81.596,76.379,79.023,14310,2.48216e+11,8.4,7.7,9.1,7.02092028
2012,"Colombia","COL",78.787,72.455,75.597,7330,3.35735e+11,17.2,15.3,19,6.74599648
2012,"Costa Rica","CRI",81.62,77.009,79.283,9190,43519328869,9.9,9.1,10.7,7.78642273
2012,"Czechia","CZE",81.2,75.1,78.07560976,19440,2.04329e+11,3.2,2.8,3.6,6.97858715
2012,"Denmark","DNK",82.1,78.1,80.05121951,61650,3.44719e+11,4.1,3.7,4.4,10.5219717
2012,"Estonia","EST",81.5,71.4,76.32682927,16760,22169270182,3.9,3.5,4.3,5.83366966
2012,"Finland","FIN",83.7,77.7,80.62682927,48970,2.65144e+11,2.8,2.5,3,9.5857954
2012,"France","FRA",85.4,78.7,81.96829268,43410,2.85061e+12,4.1,3.7,4.5,11.29740047
2012,"Germany","DEU",83.1,78.1,80.53902439,46560,3.74475e+12,4,3.7,4.4,10.85349178
2012,"Hungary","HUN",78.7,71.6,75.06341463,13080,1.29798e+11,5.7,5.3,6.2,7.40815496
2012,"Iceland","ISL",84.3,81.6,82.91707317,40690,13049222442,2.6,2.4,2.8,8.18118858
2012,"Ireland","IRL",83.1,78.7,80.84634146,40840,1.87836e+11,4,3.6,4.3,10.62784767
2012,"Israel","ISR",83.6,79.9,81.70487805,33020,2.61227e+11,4.3,3.9,4.6,7.08083487
2012,"Italy","ITA",84.8,79.8,82.23902439,36220,2.15661e+12,3.8,3.5,4.1,8.78352833
2012,"Japan","JPN",86.41,79.94,83.09609756,50060,6.38922e+12,3,2.8,3.2,10.67169094
2012,"Korea, Rep.","KOR",84.2,77.6,80.8195122,25660,1.28799e+12,3.8,3.5,4.2,6.13262033
2012,"Latvia","LVA",78.9,68.9,73.77804878,13800,28075401699,6.6,6.1,7.2,5.41047668
2012,"Lithuania","LTU",79.6,68.4,73.86341463,14100,42141478824,5.2,4.7,5.6,6.2759347
2012,"Luxembourg","LUX",83.8,79.1,81.39268293,87950,46699278902,2.8,2.5,3,5.29404306
2012,"Mexico","MEX",77.535,71.651,74.574,10180,1.17835e+12,17.9,16.2,19.6,5.66522121
2012,"Netherlands","NLD",83,79.3,81.10487805,51500,8.62906e+11,4.2,3.8,4.6,10.53898716
2012,"New Zealand","NZL",83.2,79.7,81.40731707,36700,1.61786e+11,6,5.4,6.5,9.65163612
2012,"Norway","NOR",83.5,79.5,81.45121951,99750,5.00599e+11,3,2.7,3.3,8.77787971
2012,"Poland","POL",81.1,72.6,76.74634146,13090,4.98148e+11,5.4,4.9,5.9,6.22393656
2012,"Portugal","PRT",83.6,77.3,80.37317073,21170,2.22547e+11,3.7,3.3,4,9.65393257
2012,"Slovak Republic","SVK",79.9,72.5,76.1097561,17830,96425478157,6.7,6,7.3,7.56544065
2012,"Slovenia","SVN",83.3,77.1,80.12439024,23260,47858307549,2.9,2.7,3.2,8.71509933
2012,"Spain","ESP",85.5,79.5,82.42682927,29540,1.38179e+12,3.6,3.3,3.8,9.15419865
2012,"Sweden","SWE",83.6,79.9,81.70487805,59090,5.6253e+11,3,2.7,3.2,10.7351532
2012,"Switzerland","CHE",84.9,80.6,82.69756098,86720,6.93481e+11,4.4,4.1,4.8,10.24875641
2012,"Turkiye","TUR",78.838,72.517,75.678,11860,8.92785e+11,15.8,15,16.5,4.44444656
2012,"United Kingdom","GBR",82.8,79.1,80.90487805,41810,2.6635e+12,4.8,4.3,5.3,9.93235588
2012,"United States","USA",81.2,76.4,78.74146341,52790,1.65712e+13,7.1,6.4,7.7,16.11693954
2011,"Australia","AUS",84.2,79.7,81.89512195,50400,1.12584e+12,4.5,4.1,5,8.53956795
2011,"Austria","AUT",83.8,78.3,80.98292683,50700,4.25423e+11,4.2,3.8,4.6,10.02613258
2011,"Belgium","BEL",83.3,78,80.58536585,46490,5.13216e+11,4.4,3.8,4.9,10.36337948
2011,"Canada","CAN",83.68,79.39,81.48268293,47190,1.62045e+12,5.7,5.2,6.1,10.40782261
2011,"Chile","CHL",81.684,76.451,79.11,11970,2.05609e+11,8.5,7.8,9.2,6.7717886
2011,"Colombia","COL",78.548,72.141,75.32,6370,2.88424e+11,17.8,15.8,19.7,6.78076839
2011,"Costa Rica","CRI",81.711,77.048,79.348,8020,37512155049,10.2,9.3,11.1,8.12197685
2011,"Czechia","CZE",81.1,74.8,77.87317073,19460,2.04242e+11,3.3,2.9,3.7,6.92782736
2011,"Denmark","DNK",81.9,77.8,79.8,61990,3.45317e+11,4.1,3.7,4.4,10.40702915
2011,"Estonia","EST",81.3,71.4,76.22926829,15840,21027127913,4.2,3.8,4.6,5.81930256
2011,"Finland","FIN",83.8,77.3,80.47073171,50260,2.70805e+11,2.9,2.6,3.1,9.22303009
2011,"France","FRA",85.7,78.7,82.11463415,44440,2.90406e+12,4.2,3.7,4.5,11.18497562
2011,"Germany","DEU",83.1,77.9,80.43658537,47320,3.79877e+12,4.1,3.7,4.5,10.77848625
2011,"Hungary","HUN",78.7,71.2,74.85853659,13250,1.32173e+11,5.9,5.4,6.3,7.4782691
2011,"Iceland","ISL",84.1,80.7,82.35853659,37610,11996825835,2.6,2.4,2.8,8.20293236
2011,"Ireland","IRL",83,78.6,80.74634146,42270,1.93592e+11,4.1,3.7,4.4,10.6313448
2011,"Israel","ISR",83.5,79.9,81.65609756,32320,2.51004e+11,4.4,4.1,4.7,6.9564743
2011,"Italy","ITA",84.8,79.7,82.18780488,37980,2.25497e+12,3.9,3.5,4.2,8.77413177
2011,"Japan","JPN",85.9,79.44,82.59121951,47470,6.06794e+12,3.2,3,3.4,10.48780155
2011,"Korea, Rep.","KOR",84,77.3,80.56829268,23590,1.17785e+12,4,3.6,4.3,6.00844383
2011,"Latvia","LVA",78.8,68.6,73.57560976,12740,26237874101,7.2,6.6,7.8,5.72401047
2011,"Lithuania","LTU",79.3,68.1,73.56341463,13320,40322490383,5.5,5,6,6.48781538
2011,"Luxembourg","LUX",83.6,78.5,80.98780488,79210,41055751223,2.8,2.5,3.1,5.95225334
2011,"Mexico","MEX",77.311,71.451,74.365,9430,1.07697e+12,18.5,16.7,20.2,5.51883602
2011,"Netherlands","NLD",83.1,79.4,81.20487805,53650,8.95666e+11,4.3,3.9,4.7,10.23357868
2011,"New Zealand","NZL",83,79.4,81.15609756,32220,1.41234e+11,6.1,5.5,6.7,9.51987362
2011,"Norway","NOR",83.6,79.1,81.29512195,90920,4.50318e+11,3.1,2.8,3.5,8.78868103
2011,"Poland","POL",81.1,72.5,76.69512195,12810,4.8773e+11,5.7,5.1,6.2,6.2400856
2011,"Portugal","PRT",83.8,77.3,80.47073171,22770,2.40358e+11,3.7,3.4,4.1,9.73071671
2011,"Slovak Republic","SVK",79.8,72.3,75.95853659,17590,94961268416,6.8,6.1,7.5,7.33012152
2011,"Slovenia","SVN",83.3,76.8,79.97073171,24630,50552250603,3.1,2.8,3.3,8.53639603
2011,"Spain","ESP",85.6,79.5,82.47560976,31020,1.44974e+12,3.7,3.4,4,9.16797066
2011,"Sweden","SWE",83.8,79.9,81.80243902,56700,5.35794e+11,3,2.7,3.3,10.41646671
2011,"Switzerland","CHE",85,80.5,82.69512195,81330,6.43485e+11,4.5,4.1,4.9,10.0191288
2011,"Turkiye","TUR",78.144,71.779,74.941,11200,8.3074e+11,16.9,16,17.7,4.6530509
2011,"United Kingdom","GBR",83,79,80.95121951,41180,2.60494e+12,5,4.4,5.5,9.91592121
2011,"United States","USA",81.1,76.3,78.64146341,50620,1.57738e+13,7.2,6.5,7.9,16.13764381
2010,"Australia","AUS",84,79.5,81.69512195,46740,1.0297e+12,4.8,4.3,5.2,8.42325497
2010,"Austria","AUT",83.5,77.8,80.5804878,49750,4.16108e+11,4.3,3.9,4.8,10.22101879
2010,"Belgium","BEL",83,77.5,80.18292683,47080,5.13017e+11,4.5,3.9,5,10.2022934
2010,"Canada","CAN",83.54,79.21,81.32219512,44490,1.51274e+12,5.7,5.3,6.2,10.70161057
2010,"Chile","CHL",81.213,75.734,78.501,10820,1.84061e+11,8.7,7.9,9.4,6.77489376
2010,"Colombia","COL",78.301,71.817,75.033,5680,2.54731e+11,18.4,16.4,20.3,7.07130098
2010,"Costa Rica","CRI",81.083,76.34,78.67,7190,33244464039,10.5,9.6,11.4,8.02937698
2010,"Czechia","CZE",80.6,74.4,77.42439024,19400,2.03242e+11,3.4,3,3.8,6.87530422
2010,"Denmark","DNK",81.2,77.1,79.1,61220,3.39645e+11,4.1,3.8,4.5,10.60774708
2010,"Estonia","EST",80.5,70.6,75.42926829,14580,19414782061,4.6,4.1,5,6.32313585
2010,"Finland","FIN",83.2,76.7,79.87073171,49750,2.66818e+11,3,2.7,3.3,9.14202785
2010,"France","FRA",85.3,78.2,81.66341463,43970,2.85958e+12,4.2,3.8,4.6,11.22560215
2010,"Germany","DEU",82.6,77.5,79.98780488,44680,3.65393e+12,4.2,3.8,4.6,11.09592915
2010,"Hungary","HUN",78.1,70.5,74.20731707,13260,1.32603e+11,6,5.5,6.5,7.44544077
2010,"Iceland","ISL",84.1,79.8,81.89756098,36270,11536004234,2.7,2.5,2.9,8.36173058
2010,"Ireland","IRL",83.1,78.5,80.74390244,44990,2.05178e+11,4.2,3.8,4.5,10.5258255
2010,"Israel","ISR",83.6,79.7,81.60243902,30280,2.3083e+11,4.6,4.2,4.9,6.99706697
2010,"Italy","ITA",84.7,79.5,82.03658537,37960,2.25011e+12,4,3.6,4.3,8.91602039
2010,"Japan","JPN",86.3,79.55,82.84268293,43910,5.62343e+12,3.2,3,3.4,9.0630064
2010,"Korea, Rep.","KOR",83.6,76.8,80.11707317,22290,1.1044e+12,4.1,3.8,4.4,5.91734409
2010,"Latvia","LVA",78.4,68.8,73.48292683,12650,26542027143,7.8,7.1,8.4,6.097435
2010,"Lithuania","LTU",78.8,68,73.26829268,12570,38943472384,6,5.5,6.6,6.81462288
2010,"Luxembourg","LUX",83.5,77.9,80.63170732,77640,39360108102,2.8,2.6,3.1,6.66263008
2010,"Mexico","MEX",77.117,71.295,74.19,9170,1.0315e+12,19.2,17.3,21,5.73688889
2010,"Netherlands","NLD",82.7,78.8,80.70243902,53430,8.87702e+11,4.4,4,4.8,10.15508747
2010,"New Zealand","NZL",82.8,79.1,80.90487805,29670,1.2908e+11,6.2,5.6,6.8,9.59277534
2010,"Norway","NOR",83.2,78.9,80.99756098,88940,4.3486e+11,3.3,2.9,3.6,8.90553188
2010,"Poland","POL",80.6,72.1,76.24634146,12670,4.82155e+11,6,5.4,6.5,6.4122324
2010,"Portugal","PRT",82.1,76.1,79.02682927,23030,2.43471e+11,3.8,3.4,4.2,10.03250504
2010,"Slovak Republic","SVK",78.8,71.6,75.11219512,17620,95006435193,7,6.3,7.7,7.69692326
2010,"Slovenia","SVN",82.7,76.3,79.42195122,24620,50427467374,3.2,3,3.5,8.56503296
2010,"Spain","ESP",84.7,78.7,81.62682927,31970,1.48908e+12,3.8,3.5,4.1,9.11891174
2010,"Sweden","SWE",83.5,79.5,81.45121951,54630,5.12315e+11,3.1,2.8,3.3,8.31963825
2010,"Switzerland","CHE",84.5,80.1,82.24634146,79040,6.18488e+11,4.6,4.2,4.9,9.94159698
2010,"Turkiye","TUR",78.221,71.927,75.069,10370,7.59057e+11,18.1,17.2,19,5.02053452
2010,"United Kingdom","GBR",82.4,78.5,80.40243902,41900,2.63013e+12,5.2,4.7,5.7,9.95166206
2010,"United States","USA",81,76.2,78.54146341,49150,1.5202e+13,7.3,6.6,8,16.19557953
2009,"Australia","AUS",83.9,79.3,81.54390244,44080,9.56093e+11,5,4.5,5.5,8.55233955
2009,"Austria","AUT",83.2,77.6,80.33170732,49150,4.10113e+11,4.5,4,4.9,10.22582531
2009,"Belgium","BEL",82.8,77.4,80.03414634,46980,5.07226e+11,4.6,4,5.1,10.32117939
2009,"Canada","CAN",83.33,78.91,81.06609756,43230,1.45375e+12,5.8,5.3,6.2,10.71909046
2009,"Chile","CHL",81.481,75.941,78.741,9980,1.67943e+11,8.8,8,9.6,7.20918465
2009,"Colombia","COL",78.054,71.487,74.742,5190,2.30155e+11,19,16.9,21,7.31134653
2009,"Costa Rica","CRI",81.236,76.216,78.672,6480,29557534192,10.7,9.8,11.7,7.86019135
2009,"Czechia","CZE",80.1,74.2,77.07804878,18840,1.96751e+11,3.5,3.1,4,7.24880648
2009,"Denmark","DNK",80.8,76.5,78.59756098,60090,3.31855e+11,4.2,3.8,4.6,10.67432022
2009,"Estonia","EST",80.1,69.8,74.82439024,14570,19437433582,5,4.5,5.5,6.54903364
2009,"Finland","FIN",83.1,76.5,79.7195122,48950,2.61355e+11,3.2,2.9,3.5,9.16122341
2009,"France","FRA",85,78,81.41463415,44070,2.85151e+12,4.3,3.8,4.7,11.28756237
2009,"Germany","DEU",82.5,77.3,79.83658537,43660,3.57576e+12,4.3,3.8,4.7,11.23791218
2009,"Hungary","HUN",77.9,70.1,73.90487805,13410,1.34448e+11,6.2,5.7,6.7,7.21973991
2009,"Iceland","ISL",83.8,79.8,81.75121951,41860,13331237721,2.7,2.5,2.9,8.77518463
2009,"Ireland","IRL",82.7,77.8,80.1902439,46810,2.12293e+11,4.3,3.9,4.7,10.52275753
2009,"Israel","ISR",83.3,79.6,81.40487805,27940,2.09114e+11,4.7,4.4,5.1,7.04995871
2009,"Italy","ITA",84.3,79.1,81.63658537,37990,2.24499e+12,4.1,3.7,4.4,8.95162296
2009,"Japan","JPN",86.44,79.59,82.93146341,39230,5.02345e+12,3.3,3.1,3.5,8.9587822
2009,"Korea, Rep.","KOR",83.4,76.7,79.96829268,22040,1.08654e+12,4.3,4,4.6,5.78228998
2009,"Latvia","LVA",78.1,68.3,73.0804878,14120,30237450832,8.3,7.6,9,6.09759474
2009,"Lithuania","LTU",78.6,67.5,72.91463415,12460,39412339364,6.7,6.1,7.3,7.36587334
2009,"Luxembourg","LUX",83.3,78.1,80.63658537,70650,35168243373,2.9,2.6,3.2,6.94993162
2009,"Mexico","MEX",76.993,71.273,74.119,8940,9.92381e+11,19.8,17.9,21.7,6.12978458
2009,"Netherlands","NLD",82.7,78.5,80.54878049,52310,8.64707e+11,4.6,4.1,5,9.9929266
2009,"New Zealand","NZL",82.7,78.8,80.70243902,29680,1.2771e+11,6.3,5.7,6.9,9.62076378
2009,"Norway","NOR",83.1,78.6,80.79512195,88130,4.25576e+11,3.4,3.1,3.8,9.07431412
2009,"Poland","POL",80.1,71.5,75.69512195,12490,4.76653e+11,6.3,5.7,6.9,6.587708
2009,"Portugal","PRT",81.8,75.8,78.72682927,22990,2.42936e+11,3.9,3.5,4.3,10.13070393
2009,"Slovak Republic","SVK",78.7,71.3,74.9097561,17150,92370488248,7.2,6.4,7.9,7.94779444
2009,"Slovenia","SVN",82.3,75.8,78.97073171,24450,49876204953,3.4,3.1,3.7,8.54080105
2009,"Spain","ESP",84.6,78.5,81.47560976,32560,1.50957e+12,4,3.7,4.3,9.10764217
2009,"Sweden","SWE",83.4,79.4,81.35121951,52640,4.89503e+11,3.1,2.9,3.4,8.77037907
2009,"Switzerland","CHE",84.4,79.8,82.04390244,71800,5.55993e+11,4.6,4.2,5,10.06906986
2009,"Turkiye","TUR",77.988,71.57,74.765,9520,6.87843e+11,19.5,18.4,20.4,5.49438715
2009,"United Kingdom","GBR",82.1,78.1,80.05121951,44170,2.75104e+12,5.4,4.8,5.9,10.03383827
2009,"United States","USA",80.9,76,78.3902439,47870,1.46847e+13,7.5,6.7,8.2,16.19877434
2008,"Australia","AUS",83.7,79.2,81.39512195,42380,9.00541e+11,5.2,4.7,5.7,8.25374031
2008,"Austria","AUT",83.3,77.7,80.43170732,49210,4.09461e+11,4.5,4.1,5,9.72564602
2008,"Belgium","BEL",82.6,76.9,79.6804878,46570,4.98712e+11,4.7,4.1,5.2,9.5951395
2008,"Canada","CAN",83.05,78.51,80.72463415,44940,1.49401e+12,5.9,5.4,6.3,9.60754967
2008,"Chile","CHL",81.25,75.674,78.484,10060,1.67565e+11,8.9,8,9.7,6.74047947
2008,"Colombia","COL",77.731,70.933,74.295,4770,2.08788e+11,19.6,17.5,21.7,6.84192705
2008,"Costa Rica","CRI",81.016,75.99,78.445,6350,28603533324,10.9,9.9,11.9,7.46854782
2008,"Czechia","CZE",80.1,74,76.97560976,18510,1.922e+11,3.7,3.3,4.2,6.33024931
2008,"Denmark","DNK",80.7,76.3,78.44634146,60390,3.31766e+11,4.3,3.9,4.7,9.51134396
2008,"Estonia","EST",79.2,68.6,73.77073171,15190,20312416456,5.5,4.9,6,5.71727228
2008,"Finland","FIN",83,76.3,79.56829268,50160,2.66547e+11,3.3,3,3.6,8.34310627
2008,"France","FRA",84.8,77.8,81.21463415,43540,2.80306e+12,4.4,3.9,4.8,10.50084686
2008,"Germany","DEU",82.4,77.2,79.73658537,43650,3.58435e+12,4.4,3.9,4.8,10.25128746
2008,"Hungary","HUN",77.8,69.8,73.70243902,13250,1.32995e+11,6.5,5.9,7,7.08621168
2008,"Iceland","ISL",83.3,80,81.6097561,50060,15890355241,2.8,2.6,3,8.34370804
2008,"Ireland","IRL",82.4,77.9,80.09512195,50940,2.28685e+11,4.4,4,4.8,9.12564754
2008,"Israel","ISR",83,79,80.95121951,26900,1.96584e+11,4.9,4.5,5.2,6.94865084
2008,"Italy","ITA",84.2,78.9,81.48536585,37980,2.23443e+12,4.1,3.8,4.5,8.53282356
2008,"Japan","JPN",86.05,79.29,82.58756098,39380,5.04354e+12,3.4,3.2,3.6,8.08909321
2008,"Korea, Rep.","KOR",83,76.2,79.51707317,23860,1.17024e+12,4.5,4.2,4.8,5.39896774
2008,"Latvia","LVA",77.9,67.2,72.4195122,13520,29446975679,8.8,8.1,9.5,5.58478308
2008,"Lithuania","LTU",77.6,66.3,71.81219512,12680,40543688819,7.4,6.7,8,6.29453707
2008,"Luxembourg","LUX",83.1,78.1,80.53902439,86000,42022928044,3,2.7,3.3,6.23101091
2008,"Mexico","MEX",76.952,71.376,74.152,9880,1.08371e+12,20.5,18.5,22.5,5.69886971
2008,"Netherlands","NLD",82.3,78.3,80.25121951,51670,8.49824e+11,4.7,4.2,5.2,9.27660465
2008,"New Zealand","NZL",82.4,78.4,80.35121951,28610,1.21885e+11,6.4,5.7,7,9.12382889
2008,"Norway","NOR",83,78.3,80.59268293,87850,4.18899e+11,3.6,3.2,3.9,7.96075296
2008,"Poland","POL",80,71.3,75.54390244,11940,4.55151e+11,6.7,6,7.3,6.37592173
2008,"Portugal","PRT",81.7,75.5,78.52439024,22640,2.39004e+11,4,3.6,4.4,9.58307838
2008,"Slovak Republic","SVK",78.7,70.9,74.70487805,17290,92993314001,7.4,6.7,8.2,6.9563446
2008,"Slovenia","SVN",82.3,75.4,78.76585366,24660,49846384069,3.6,3.3,3.9,7.85466576
2008,"Spain","ESP",84.3,78.2,81.17560976,32250,1.48199e+12,4.2,3.8,4.5,8.38226032
2008,"Sweden","SWE",83.2,79.1,81.1,55720,5.13744e+11,3.2,2.9,3.5,8.20824242
2008,"Switzerland","CHE",84.4,79.7,81.99268293,64870,4.9613e+11,4.7,4.3,5.1,9.48092842
2008,"Turkiye","TUR",77.69,71.248,74.45,9730,6.93943e+11,20.9,19.8,22,5.21761751
2008,"United Kingdom","GBR",81.7,77.6,79.6,48430,2.99354e+12,5.6,5,6.1,9.02258778
2008,"United States","USA",80.6,75.6,78.03902439,49100,1.49306e+13,7.6,6.9,8.3,15.20489883
2007,"Australia","AUS",83.7,79,81.29268293,37370,7.78255e+11,5.4,4.9,6,8.05890179
2007,"Austria","AUT",83.1,77.4,80.1804878,44540,3.69508e+11,4.6,4.1,5.1,9.53209686
2007,"Belgium","BEL",82.6,77.1,79.78292683,42740,4.54104e+11,4.8,4.2,5.3,9.13628769
2007,"Canada","CAN",82.91,78.29,80.54365854,41550,1.36653e+12,6,5.5,6.4,9.44540119
2007,"Chile","CHL",80.549,75.043,77.826,8790,1.45042e+11,8.9,8,9.7,6.17537546
2007,"Colombia","COL",77.391,70.374,73.837,4170,1.80466e+11,20.2,18,22.4,6.49102831
2007,"Costa Rica","CRI",80.934,76.089,78.462,5630,25010478074,11.1,10,12.1,6.99642611
2007,"Czechia","CZE",79.9,73.7,76.72439024,15850,1.63233e+11,3.9,3.4,4.4,5.98578405
2007,"Denmark","DNK",80.5,76,78.19512195,55740,3.04395e+11,4.5,4.1,4.9,9.3251543
2007,"Estonia","EST",78.5,67.4,72.81463415,13430,18001208025,6,5.3,6.6,4.98252153
2007,"Finland","FIN",82.9,75.8,79.26341463,46190,2.44301e+11,3.5,3.1,3.8,8.08359432
2007,"France","FRA",84.8,77.6,81.11219512,40160,2.57082e+12,4.4,3.9,4.9,10.31564426
2007,"Germany","DEU",82.3,76.9,79.53414634,40470,3.32951e+12,4.5,4,4.9,10.05132961
2007,"Hungary","HUN",77.3,69.2,73.15121951,11770,1.18347e+11,6.8,6.3,7.4,7.2018342
2007,"Iceland","ISL",83.4,79.6,81.45365854,61880,19278811949,2.9,2.6,3.1,8.3535862
2007,"Ireland","IRL",82.1,77.3,79.64146341,50540,2.22311e+11,4.6,4.2,5,7.80773735
2007,"Israel","ISR",82.4,78.7,80.50487805,24710,1.77442e+11,5.1,4.7,5.5,6.87812519
2007,"Italy","ITA",84.2,78.8,81.43414634,35930,2.0997e+12,4.2,3.9,4.6,8.13610077
2007,"Japan","JPN",85.99,79.19,82.50707317,39310,5.03204e+12,3.5,3.3,3.8,7.77935696
2007,"Korea, Rep.","KOR",82.5,75.9,79.1195122,23440,1.14102e+12,4.8,4.5,5.1,5.11490774
2007,"Latvia","LVA",76.5,65.8,71.0195122,11230,24703134704,9.3,8.5,10.1,5.51350451
2007,"Lithuania","LTU",77.2,64.9,70.9,10600,34245356102,8,7.3,8.7,5.7643218
2007,"Luxembourg","LUX",82.2,76.7,79.38292683,85730,41149038268,3.1,2.8,3.4,6.15803099
2007,"Mexico","MEX",76.956,71.54,74.238,9330,1.00997e+12,21.3,19.1,23.3,5.76644516
2007,"Netherlands","NLD",82.3,78,80.09756098,48620,7.96477e+11,4.9,4.4,5.4,9.05292606
2007,"New Zealand","NZL",82.2,78.2,80.15121951,28150,1.18903e+11,6.5,5.8,7.1,8.32904434
2007,"Norway","NOR",82.7,78.2,80.39512195,78750,3.70859e+11,3.7,3.3,4.1,8.05085373
2007,"Poland","POL",79.7,71,75.24390244,9930,3.78652e+11,7,6.4,7.7,5.87339211
2007,"Portugal","PRT",81.6,75.2,78.32195122,20860,2.19949e+11,4.2,3.8,4.5,9.25186634
2007,"Slovak Republic","SVK",78.1,70.5,74.20731707,14940,80320407668,7.7,6.9,8.4,7.17735338
2007,"Slovenia","SVN",82.3,75,78.56097561,21800,43990126094,3.8,3.5,4.1,7.51139164
2007,"Spain","ESP",84.1,77.8,80.87317073,29770,1.34626e+12,4.4,4,4.7,7.9186573
2007,"Sweden","SWE",83,78.9,80.9,52310,4.78522e+11,3.3,3,3.6,7.99607754
2007,"Switzerland","CHE",84.2,79.4,81.74146341,64120,4.8417e+11,4.8,4.4,5.2,9.36357594
2007,"Turkiye","TUR",77.442,70.987,74.193,8840,6.2294e+11,22.5,21.3,23.6,5.23760796
2007,"United Kingdom","GBR",81.6,77.4,79.44878049,47360,2.90436e+12,5.8,5.2,6.3,8.60300064
2007,"United States","USA",80.6,75.5,77.98780488,48500,1.46109e+13,7.7,7,8.5,14.91463089
2006,"Australia","AUS",83.5,78.7,81.04146341,34580,7.07146e+11,5.6,5,6.1,7.98143196
2006,"Austria","AUT",82.8,77.1,79.8804878,41500,3.43188e+11,4.7,4.3,5.2,9.5311327
2006,"Belgium","BEL",82.3,76.6,79.3804878,39940,4.21244e+11,4.9,4.3,5.5,9.12963009
2006,"Canada","CAN",82.91,78.29,80.54365854,37900,1.23453e+12,6,5.5,6.5,9.34210205
2006,"Chile","CHL",80.917,75.512,78.261,7430,1.21377e+11,9,8.1,9.8,6.03516722
2006,"Colombia","COL",77.075,69.961,73.468,3540,1.51321e+11,20.9,18.6,23.1,6.33551502
2006,"Costa Rica","CRI",81.064,76.079,78.514,5020,21991356699,11.2,10.1,12.3,6.93530846
2006,"Czechia","CZE",79.7,73.5,76.52439024,14000,1.43356e+11,4.1,3.6,4.6,6.16380167
2006,"Denmark","DNK",80.4,75.9,78.09512195,53540,2.9109e+11,4.6,4.2,5.1,9.16879559
2006,"Estonia","EST",78.3,67.35,72.69146341,11500,15485446036,6.5,5.8,7.2,4.76235056
2006,"Finland","FIN",82.8,75.8,79.21463415,42840,2.256e+11,3.6,3.2,4,8.2841177
2006,"France","FRA",84.5,77.3,80.81219512,37880,2.41044e+12,4.5,4,5,10.38566494
2006,"Germany","DEU",82,76.4,79.13170732,38270,3.15215e+12,4.6,4.1,5,10.17995167
2006,"Hungary","HUN",77.4,69,73.09756098,11240,1.13223e+11,7.2,6.6,7.8,7.77566671
2006,"Iceland","ISL",82.9,79.5,81.15853659,53450,16237833500,3,2.7,3.2,8.55709076
2006,"Ireland","IRL",81.7,76.9,79.24146341,47950,2.04926e+11,4.9,4.4,5.3,7.51646948
2006,"Israel","ISR",82.5,78.7,80.55365854,23030,1.62455e+11,5.3,4.9,5.7,6.90668821
2006,"Italy","ITA",84.1,78.6,81.28292683,34280,1.99316e+12,4.3,4,4.7,8.43673038
2006,"Japan","JPN",85.81,79,82.32195122,40590,5.18986e+12,3.6,3.4,3.9,7.68688869
2006,"Korea, Rep.","KOR",82.1,75.4,78.66829268,20800,1.00751e+12,5.2,4.8,5.5,4.94396782
2006,"Latvia","LVA",76.5,65.5,70.86585366,8930,19817207069,9.9,9,10.7,5.70438385
2006,"Lithuania","LTU",77.1,65.3,71.05609756,8800,28786512528,8.6,7.7,9.4,5.84418154
2006,"Luxembourg","LUX",81.9,76.8,79.28780488,71370,33732930765,3.2,2.9,3.5,6.6364212
2006,"Mexico","MEX",76.981,71.697,74.331,8750,9.34906e+11,22.1,19.8,24.2,5.65525484
2006,"Netherlands","NLD",81.9,77.6,79.69756098,45270,7.40037e+11,5.1,4.6,5.6,9.08055115
2006,"New Zealand","NZL",82.2,78,80.04878049,26390,1.10424e+11,6.5,5.9,7.2,8.63841629
2006,"Norway","NOR",82.7,78.1,80.34390244,70300,3.27663e+11,3.9,3.5,4.3,7.91272163
2006,"Poland","POL",79.6,70.9,75.14390244,8420,3.21133e+11,7.3,6.6,8,5.80280542
2006,"Portugal","PRT",81.8,75.2,78.4195122,19410,2.0428e+11,4.4,3.9,4.8,9.35422611
2006,"Slovak Republic","SVK",78.2,70.4,74.20487805,12950,69598371466,7.9,7.1,8.7,6.85076714
2006,"Slovenia","SVN",81.8,74.55,78.08658537,19820,39772117175,4,3.6,4.3,7.82322693
2006,"Spain","ESP",84.1,77.7,80.82195122,27850,1.23659e+12,4.5,4.1,5,7.8290596
2006,"Sweden","SWE",82.9,78.7,80.74878049,49150,4.46298e+11,3.5,3.1,3.7,8.05226612
2006,"Switzerland","CHE",84,79.1,81.4902439,65290,4.88635e+11,4.9,4.5,5.4,9.53341675
2006,"Turkiye","TUR",77.124,70.624,73.845,7790,5.41999e+11,24.2,23,25.4,5.14591694
2006,"United Kingdom","GBR",81.4,77.2,79.24878049,44800,2.72589e+12,5.9,5.3,6.5,8.62720299
2006,"United States","USA",80.3,75.2,77.68780488,47830,1.42726e+13,7.9,7.1,8.6,14.70358467
2005,"Australia","AUS",83.3,78.5,80.84146341,30720,6.19928e+11,5.7,5.1,6.3,7.97402954
2005,"Austria","AUT",82.2,76.6,79.33170732,38770,3.1901e+11,4.9,4.4,5.4,9.62702942
2005,"Belgium","BEL",81.9,76.2,78.9804878,37780,3.95909e+11,5,4.5,5.6,9.22374916
2005,"Canada","CAN",82.52,77.82,80.11268293,34310,1.10627e+12,6.1,5.6,6.6,9.03540611
2005,"Chile","CHL",81.078,74.912,78.016,6270,1.01384e+11,9.1,8.2,10,6.58871555
2005,"Colombia","COL",76.766,69.513,73.081,3030,1.27738e+11,21.5,19.1,23.8,6.06709862
2005,"Costa Rica","CRI",80.862,76.231,78.505,4610,19905021171,11.3,10.2,12.4,6.6642971
2005,"Czechia","CZE",79.1,72.9,75.92439024,12480,1.27386e+11,4.4,3.8,4.9,6.34086704
2005,"Denmark","DNK",80.2,75.6,77.84390244,49610,2.68879e+11,4.8,4.4,5.3,9.0905695
2005,"Estonia","EST",78.1,67.3,72.56829268,9730,13177819041,7.1,6.3,7.9,5.0549798
2005,"Finland","FIN",82.3,75.5,78.81707317,40230,2.11061e+11,3.7,3.4,4.1,8.28795624
2005,"France","FRA",83.8,76.7,80.16341463,35920,2.26968e+12,4.6,4.1,5.1,10.2148447
2005,"Germany","DEU",81.8,76.2,78.93170732,35770,2.94967e+12,4.7,4.3,5.2,10.31153965
2005,"Hungary","HUN",76.9,68.6,72.64878049,10380,1.04753e+11,7.6,6.9,8.2,7.98271132
2005,"Iceland","ISL",83.5,79.6,81.50243902,50520,14990685765,3.1,2.8,3.3,8.94694996
2005,"Ireland","IRL",81.3,76.7,78.94390244,44640,1.85699e+11,5.2,4.7,5.6,7.64242792
2005,"Israel","ISR",82.2,78.2,80.15121951,22190,1.53783e+11,5.6,5.2,6,7.11747074
2005,"Italy","ITA",83.6,78.1,80.78292683,32480,1.88292e+12,4.5,4.1,4.8,8.33931828
2005,"Japan","JPN",85.52,78.56,81.95512195,41280,5.27387e+12,3.7,3.5,4,7.65818596
2005,"Korea, Rep.","KOR",81.6,74.9,78.16829268,18520,8.9224e+11,5.6,5.2,5.9,4.61782169
2005,"Latvia","LVA",77.4,65.6,71.35609756,7390,16538722318,10.5,9.6,11.4,5.83247328
2005,"Lithuania","LTU",77.4,65.4,71.25365854,7560,25130410982,9,8.1,9.9,5.64800453
2005,"Luxembourg","LUX",82.3,76.7,79.43170732,73180,34038648793,3.4,3,3.7,7.12328196
2005,"Mexico","MEX",76.986,71.782,74.376,8100,8.53741e+11,22.9,20.6,25.1,5.83612156
2005,"Netherlands","NLD",81.6,77.2,79.34634146,41960,6.84822e+11,5.3,4.8,5.9,9.09666824
2005,"New Zealand","NZL",81.9,77.9,79.85121951,25450,1.05214e+11,6.6,5.9,7.3,8.27334881
2005,"Norway","NOR",82.5,77.7,80.04146341,64050,2.96106e+11,4.1,3.6,4.5,8.32839584
2005,"Poland","POL",79.4,70.8,74.99512195,7330,2.79624e+11,7.6,6.8,8.2,5.80689144
2005,"Portugal","PRT",81.4,74.9,78.07073171,18600,1.95411e+11,4.6,4.2,5,9.65306759
2005,"Slovak Republic","SVK",77.9,70.1,73.90487805,11370,61091197153,8.2,7.4,9,6.58870029
2005,"Slovenia","SVN",81.3,74.1,77.61219512,18310,36623155601,4.2,3.8,4.5,7.99595737
2005,"Spain","ESP",83.5,77,80.17073171,25910,1.13111e+12,4.7,4.3,5.2,7.73191881
2005,"Sweden","SWE",82.8,78.4,80.54634146,45770,4.13325e+11,3.6,3.3,3.9,8.1508379
2005,"Switzerland","CHE",83.9,78.7,81.23658537,62780,4.66872e+11,5.1,4.6,5.5,10.004179
2005,"Turkiye","TUR",76.867,70.278,73.534,6750,4.63422e+11,26.1,24.8,27.4,4.89389706
2005,"United Kingdom","GBR",81.2,77,79.04878049,42700,2.57943e+12,6,5.4,6.6,8.3883543
2005,"United States","USA",80.1,75,77.48780488,46180,1.36466e+13,8,7.1,8.8,14.57448006
2004,"Australia","AUS",83,78.1,80.4902439,25830,5.14917e+11,5.8,5.2,6.4,8.09003353
2004,"Austria","AUT",82.1,76.4,79.1804878,33850,2.7666e+11,5.1,4.5,5.6,9.70939922
2004,"Belgium","BEL",81.9,76,78.87804878,32910,3.42924e+11,5.2,4.6,5.7,9.32808685
2004,"Canada","CAN",82.42,77.68,79.99219512,29530,9.43152e+11,6.1,5.6,6.6,9.06628132
2004,"Chile","CHL",80.72,74.479,77.616,5260,84244546840,9.3,8.4,10.2,6.90114975
2004,"Colombia","COL",76.495,69.032,72.695,2640,1.10136e+11,22.2,19.6,24.6,5.79892778
2004,"Costa Rica","CRI",80.635,76.104,78.331,4350,18499694876,11.5,10.4,12.6,6.63006067
2004,"Czechia","CZE",79,72.6,75.72195122,10260,1.04583e+11,4.6,4,5.1,6.35071039
2004,"Denmark","DNK",79.9,75.2,77.49268293,42640,2.30449e+11,5,4.5,5.5,9.00743198
2004,"Estonia","EST",77.8,66.3,71.9097561,7500,10218911833,7.8,6.9,8.6,5.11891699
2004,"Finland","FIN",82.3,75.3,78.71463415,35380,1.84951e+11,3.9,3.5,4.2,8.05912876
2004,"France","FRA",83.8,76.7,80.16341463,31450,1.97249e+12,4.8,4.2,5.3,10.16429329
2004,"Germany","DEU",81.6,75.9,78.6804878,31670,2.61302e+12,4.9,4.4,5.3,10.14603233
2004,"Hungary","HUN",76.9,68.6,72.64878049,8650,87458389224,7.9,7.2,8.6,7.7565484
2004,"Iceland","ISL",83.2,78.9,80.99756098,42020,12273035647,3.2,3,3.5,9.32854366
2004,"Ireland","IRL",81.1,76.1,78.53902439,37840,1.54008e+11,5.6,5.1,6.1,7.21972942
2004,"Israel","ISR",82.4,78,80.14634146,20680,1.40833e+11,5.8,5.4,6.2,7.02140188
2004,"Italy","ITA",83.7,78,80.7804878,28360,1.63588e+12,4.6,4.3,5,8.16549301
2004,"Japan","JPN",85.59,78.64,82.0302439,39000,4.98205e+12,3.9,3.6,4.1,7.53518438
2004,"Korea, Rep.","KOR",81.2,74.3,77.66585366,16200,7.78811e+11,6,5.6,6.4,4.38896465
2004,"Latvia","LVA",77.2,67.1,72.02682927,5830,13193792964,11.1,10.2,12.1,6.20221329
2004,"Lithuania","LTU",77.8,66.4,71.96097561,6010,20291492625,9.3,8.4,10.2,5.51149988
2004,"Luxembourg","LUX",82.4,76,79.12195122,62680,28714614336,3.5,3.2,3.9,7.2793355
2004,"Mexico","MEX",76.983,71.781,74.372,7860,8.17521e+11,23.8,21.4,26.1,5.9539032
2004,"Netherlands","NLD",81.4,76.9,79.09512195,36630,5.96355e+11,5.5,4.9,6.1,9.1107645
2004,"New Zealand","NZL",81.7,77.5,79.54878049,21530,87986792904,6.7,6,7.4,7.90090561
2004,"Norway","NOR",82.3,77.5,79.84146341,54290,2.49313e+11,4.2,3.8,4.7,8.82115746
2004,"Poland","POL",79.2,70.7,74.84634146,6260,2.3892e+11,7.8,7.1,8.5,5.86845207
2004,"Portugal","PRT",81,74.5,77.67073171,16190,1.69755e+11,5,4.5,5.5,9.5325079
2004,"Slovak Republic","SVK",77.8,70.3,73.95853659,9060,48686151198,8.5,7.6,9.3,6.37190437
2004,"Slovenia","SVN",81.1,73.5,77.20731707,15610,31173357006,4.4,4,4.8,7.93957281
2004,"Spain","ESP",83.2,76.7,79.87073171,22130,9.50024e+11,4.9,4.4,5.3,7.65842772
2004,"Sweden","SWE",82.7,78.4,80.49756098,39790,3.57822e+11,3.7,3.4,4.1,8.1296196
2004,"Switzerland","CHE",83.7,78.6,81.08780488,55000,4.0644e+11,5.2,4.7,5.7,10.1849556
2004,"Turkiye","TUR",76.564,69.996,73.24,5210,3.53354e+11,28.1,26.7,29.5,4.9096446
2004,"United Kingdom","GBR",81,76.6,78.74634146,37810,2.26801e+12,6.1,5.5,6.7,8.32724667
2004,"United States","USA",80.1,75,77.48780488,43510,1.27402e+13,8.1,7.2,8.9,14.54663658
2003,"Australia","AUS",82.8,77.8,80.23902439,21370,4.21474e+11,5.9,5.3,6.5,7.88292599
2003,"Austria","AUT",81.5,75.9,78.63170732,28100,2.28183e+11,5.2,4.7,5.7,9.5472393
2003,"Belgium","BEL",81.1,75.3,78.12926829,27100,2.81156e+11,5.3,4.7,5.9,9.16443539
2003,"Canada","CAN",82.23,77.32,79.71512195,25480,8.06281e+11,6.2,5.6,6.7,9.01090145
2003,"Chile","CHL",80.433,74.306,77.387,4620,73254188607,9.5,8.6,10.4,7.33330393
2003,"Colombia","COL",76.252,68.622,72.361,2400,98456176452,22.8,20.2,25.4,5.77505875
2003,"Costa Rica","CRI",80.412,75.82,78.072,4000,16769538004,11.8,10.6,12.9,6.9691925
2003,"Czechia","CZE",78.5,72,75.17073171,8110,82646418909,4.8,4.2,5.3,6.52412462
2003,"Denmark","DNK",79.5,74.9,77.14390244,34750,1.87336e+11,5.2,4.7,5.7,8.9036293
2003,"Estonia","EST",76.9,66,71.31707317,5730,7859558696,8.5,7.5,9.5,4.86138248
2003,"Finland","FIN",81.8,75.1,78.36829268,28800,1.50119e+11,4,3.5,4.4,7.9380517
2003,"France","FRA",82.7,75.7,79.11463415,26000,1.61847e+12,4.9,4.3,5.5,10.08283424
2003,"Germany","DEU",81.3,75.6,78.3804878,26140,2.15776e+12,5,4.5,5.5,10.40202236
2003,"Hungary","HUN",76.5,68.3,72.3,6630,67132861633,8.4,7.6,9.1,8.11923504
2003,"Iceland","ISL",82.5,79.5,80.96341463,33710,9761099345,3.4,3.1,3.6,9.72930241
2003,"Ireland","IRL",80.7,75.7,78.13902439,29980,1.19829e+11,6,5.5,6.6,7.00761414
2003,"Israel","ISR",81.8,77.6,79.64878049,19300,1.29102e+11,6.1,5.7,6.5,7.08494616
2003,"Italy","ITA",82.8,77.3,79.98292683,23410,1.34151e+12,4.8,4.5,5.2,7.83297729
2003,"Japan","JPN",85.33,78.36,81.76,35660,4.55434e+12,4,3.7,4.3,7.48654842
2003,"Korea, Rep.","KOR",80.8,73.8,77.21463415,13790,6.60341e+11,6.4,5.9,6.8,4.4238739
2003,"Latvia","LVA",76.9,65.9,71.26585366,4670,10694645161,11.9,10.8,12.9,5.4793458
2003,"Lithuania","LTU",77.9,66.5,72.06097561,4700,16040367647,9.6,8.6,10.5,6.18627787
2003,"Luxembourg","LUX",80.8,74.8,77.72682927,46050,20798276250,3.8,3.4,4.1,6.96221447
2003,"Mexico","MEX",76.921,71.653,74.274,7410,7.59045e+11,24.8,22.3,27.2,5.81486416
2003,"Netherlands","NLD",80.9,76.2,78.49268293,30290,4.91501e+11,5.7,5.1,6.3,9.05657101
2003,"New Zealand","NZL",81.4,77,79.14634146,16990,68410021269,6.9,6.2,7.6,7.72169256
2003,"Norway","NOR",81.9,77,79.3902439,44830,2.04651e+11,4.4,3.9,4.8,9.21471977
2003,"Poland","POL",78.9,70.5,74.59756098,5500,2.10093e+11,8.1,7.3,8.9,5.95371294
2003,"Portugal","PRT",80.6,74,77.2195122,13290,1.39029e+11,5.5,5,6,9.12415695
2003,"Slovak Republic","SVK",77.6,69.8,73.60487805,6980,37500890032,8.8,7.9,9.6,5.44849873
2003,"Slovenia","SVN",80.7,73.2,76.85853659,12630,25205597037,4.7,4.2,5.1,8.09883499
2003,"Spain","ESP",83,76.4,79.6195122,18080,7.62627e+11,5,4.5,5.5,7.563272
2003,"Sweden","SWE",82.4,77.9,80.09512195,32750,2.93386e+11,3.9,3.5,4.2,8.31724644
2003,"Switzerland","CHE",83.2,78,80.53658537,46660,3.42459e+11,5.3,4.8,5.8,10.10937691
2003,"Turkiye","TUR",76.252,69.624,72.89,3900,2.60872e+11,30.3,28.8,31.8,5.01427698
2003,"United Kingdom","GBR",80.7,76.3,78.44634146,32250,1.9235e+12,6.2,5.6,6.8,8.07401752
2003,"United States","USA",79.7,74.5,77.03658537,39750,1.15331e+13,8.1,7.2,9,14.50113487
2002,"Australia","AUS",82.6,77.4,79.93658537,20200,3.93777e+11,6,5.3,6.6,7.87807608
2002,"Austria","AUT",81.7,75.8,78.67804878,25030,2.02319e+11,5.3,4.8,5.9,9.3947649
2002,"Belgium","BEL",81.2,75.1,78.07560976,24060,2.48631e+11,5.5,4.8,6.1,8.3182106
2002,"Canada","CAN",82.02,77.16,79.53073171,23580,7.39542e+11,6.2,5.6,6.7,8.85670471
2002,"Chile","CHL",80.582,74.252,77.445,4570,71720503428,9.8,8.8,10.7,7.26602364
2002,"Colombia","COL",75.981,68.076,71.939,2400,97018118698,23.6,20.8,26.1,5.73295689
2002,"Costa Rica","CRI",80.374,75.692,77.983,3750,15451316608,12.1,10.9,13.4,6.86908817
2002,"Czechia","CZE",78.5,72.1,75.22195122,6650,67782248703,5,4.4,5.5,6.17736149
2002,"Denmark","DNK",79.2,74.7,76.89512195,30850,1.65858e+11,5.4,4.9,5.9,8.70251179
2002,"Estonia","EST",77,65.1,70.90487805,4620,6368426360,9.3,8.2,10.3,4.70329475
2002,"Finland","FIN",81.5,74.9,78.1195122,25620,1.33251e+11,4.1,3.6,4.5,7.62769508
2002,"France","FRA",83,75.7,79.26097561,23150,1.43074e+12,5.1,4.5,5.7,10.02218628
2002,"Germany","DEU",81.2,75.4,78.22926829,23680,1.95307e+12,5.1,4.6,5.6,10.18365669
2002,"Hungary","HUN",76.6,68.3,72.34878049,5290,53752940331,9,8.1,9.7,7.1210165
2002,"Iceland","ISL",82.5,78.6,80.50243902,30930,8892356946,3.6,3.3,3.8,9.40382481
2002,"Ireland","IRL",80.4,75,77.63414634,24920,97985442582,6.5,5.9,7.1,6.67263031
2002,"Israel","ISR",81.5,77.5,79.45121951,19130,1.25692e+11,6.4,6,6.8,7.14622402
2002,"Italy","ITA",83.2,77.4,80.22926829,20770,1.18503e+12,5.1,4.7,5.4,7.86693573
2002,"Japan","JPN",85.23,78.32,81.69073171,35360,4.50678e+12,4.1,3.8,4.4,7.35235405
2002,"Korea, Rep.","KOR",80.3,73.4,76.76585366,12850,6.12248e+11,6.8,6.3,7.2,4.16491032
2002,"Latvia","LVA",76.8,65.4,70.96097561,3940,9091776511,12.6,11.4,13.7,5.76281166
2002,"Lithuania","LTU",77.6,66.2,71.76097561,3820,13154225028,9.9,8.9,10.9,6.14446115
2002,"Luxembourg","LUX",81.5,74.6,77.96585366,42520,18969331997,4,3.6,4.4,6.76099968
2002,"Mexico","MEX",76.826,71.422,74.106,7150,7.21831e+11,25.9,23.3,28.4,5.0716424
2002,"Netherlands","NLD",80.7,76,78.29268293,26390,4.26235e+11,5.9,5.3,6.5,8.64913177
2002,"New Zealand","NZL",81.1,76.7,78.84634146,14170,55969116103,7,6.3,7.7,7.90045929
2002,"Norway","NOR",81.6,76.5,78.98780488,39930,1.8122e+11,4.6,4.1,5,9.00061893
2002,"Poland","POL",78.8,70.4,74.49756098,4900,1.87271e+11,8.4,7.6,9.2,6.06724358
2002,"Portugal","PRT",80.6,73.7,77.06585366,11780,1.22735e+11,6.1,5.5,6.6,8.78642941
2002,"Slovak Republic","SVK",77.6,69.8,73.60487805,6040,32455284954,9.1,8.2,10,5.50947618
2002,"Slovenia","SVN",79.9,72.3,76.00731707,10920,21770301556,4.9,4.5,5.3,8.02119827
2002,"Spain","ESP",83,76.3,79.56829268,15630,6.47442e+11,5.1,4.7,5.6,6.80052757
2002,"Sweden","SWE",82.1,77.7,79.84634146,29090,2.59642e+11,4,3.6,4.4,8.21006203
2002,"Switzerland","CHE",83.1,77.8,80.38536585,40640,2.96067e+11,5.4,4.9,5.9,9.85215092
2002,"Turkiye","TUR",75.944,69.318,72.579,3540,2.33696e+11,32.7,31.1,34.2,5.06227875
2002,"United Kingdom","GBR",80.5,75.9,78.14390244,29140,1.73032e+12,6.3,5.7,7,7.70158529
2002,"United States","USA",79.6,74.4,76.93658537,37310,1.07302e+13,8.2,7.4,9.1,13.99167347
2001,"Australia","AUS",82.4,77,79.63414634,20310,3.91552e+11,6.1,5.4,6.7,7.68272257
2001,"Austria","AUT",81.7,75.6,78.57560976,25320,2.03661e+11,5.4,4.9,6,9.26942921
2001,"Belgium","BEL",81.2,74.9,77.97317073,24460,2.51586e+11,5.7,5,6.3,8.14988899
2001,"Canada","CAN",82,76.92,79.39804878,23110,7.16805e+11,6.2,5.6,6.7,8.62482357
2001,"Chile","CHL",79.921,73.6,76.773,4820,74868558438,10.3,9.3,11.2,7.15104151
2001,"Colombia","COL",75.66,67.545,71.502,2350,93638890837,24.3,21.4,27,5.94238234
2001,"Costa Rica","CRI",79.893,75.297,77.545,3660,14822789771,12.6,11.2,13.9,6.47409916
2001,"Czechia","CZE",78.4,72.1,75.17317073,6350,64837830684,5.2,4.6,5.8,5.86295414
2001,"Denmark","DNK",79.2,74.5,76.79268293,31410,1.68326e+11,5.5,5,6,8.44832516
2001,"Estonia","EST",76.2,64.6,70.25853659,4310,5983865779,10.1,8.9,11.3,4.78060246
2001,"Finland","FIN",81.5,74.6,77.96585366,25850,1.34096e+11,4.2,3.7,4.6,7.25090456
2001,"France","FRA",83,75.5,79.15853659,23870,1.46483e+12,5.3,4.6,5.9,9.7056284
2001,"Germany","DEU",81.3,75.5,78.32926829,24770,2.03959e+12,5.2,4.7,5.7,9.92069149
2001,"Hungary","HUN",76.5,68.2,72.24878049,4790,48756201755,9.6,8.7,10.4,6.82614756
2001,"Iceland","ISL",83.2,78.3,80.6902439,30700,8749898609,3.8,3.5,4.1,8.75266171
2001,"Ireland","IRL",79.9,74.5,77.13414634,24080,93112659404,6.9,6.2,7.5,6.39249372
2001,"Israel","ISR",81.2,77.7,79.40731707,19920,1.28293e+11,6.6,6.2,7.1,7.22309399
2001,"Italy","ITA",83.2,77.2,80.12682927,21190,1.20741e+12,5.3,4.9,5.7,7.73760843
2001,"Japan","JPN",84.93,78.07,81.41634146,37380,4.75328e+12,4.3,4,4.6,7.23947906
2001,"Korea, Rep.","KOR",80.1,72.9,76.41219512,11950,5.66262e+11,7.1,6.7,7.6,4.42762327
2001,"Latvia","LVA",76.6,65.2,70.76097561,3600,8417097769,13.4,12.1,14.6,5.77004433
2001,"Lithuania","LTU",77.6,66,71.65853659,3450,11991670066,10.3,9.2,11.3,6.01339626
2001,"Luxembourg","LUX",81,74.8,77.82439024,45000,19870608653,4.3,3.8,4.6,6.38193941
2001,"Mexico","MEX",76.685,71.098,73.867,6800,6.76203e+11,27,24.3,29.6,4.8203578
2001,"Netherlands","NLD",80.7,75.8,78.1902439,26840,4.30727e+11,6.1,5.4,6.7,8.05945873
2001,"New Zealand","NZL",81.1,76.4,78.69268293,13800,53569528997,7.2,6.4,7.9,7.5789361
2001,"Norway","NOR",81.5,76.2,78.78536585,38280,1.72776e+11,4.7,4.2,5.2,8.02202415
2001,"Poland","POL",78.4,70.2,74.2,4710,1.80111e+11,8.8,8,9.6,5.66721439
2001,"Portugal","PRT",80.4,73.4,76.81463415,11850,1.2279e+11,6.6,6,7.3,8.62751579
2001,"Slovak Republic","SVK",77.5,69.5,73.40243902,5730,30798584252,9.4,8.4,10.3,5.3315053
2001,"Slovenia","SVN",79.6,72.1,75.75853659,10950,21815822902,5.2,4.7,5.6,7.87602425
2001,"Spain","ESP",82.8,76.1,79.36829268,15540,6.34683e+11,5.3,4.8,5.7,6.76895761
2001,"Sweden","SWE",82.1,77.6,79.79512195,29720,2.64345e+11,4,3.6,4.5,7.90032959
2001,"Switzerland","CHE",83.1,77.4,80.1804878,42010,3.03758e+11,5.5,5,6.1,9.43919373
2001,"Turkiye","TUR",75.623,68.957,72.231,3530,2.29517e+11,35.2,33.5,36.9,4.88784933
2001,"United Kingdom","GBR",80.4,75.7,77.99268293,29010,1.71512e+12,6.4,5.8,7.1,7.39209652
2001,"United States","USA",79.5,74.3,76.83658537,36700,1.04593e+13,8.3,7.5,9.1,13.16466713
2000,"Australia","AUS",82,76.6,79.23414634,21280,4.05002e+11,6.2,5.5,6.8,7.59961653
2000,"Austria","AUT",81.2,75.2,78.12682927,26810,2.14816e+11,5.5,4.9,6,9.20371342
2000,"Belgium","BEL",81,74.6,77.72195122,25890,2.65413e+11,5.9,5.2,6.5,7.99917603
2000,"Canada","CAN",81.82,76.64,79.16682927,22750,6.98134e+11,6.2,5.6,6.8,8.24814415
2000,"Chile","CHL",79.977,73.714,76.87,5080,77935156152,10.9,9.9,11.9,7.03517675
2000,"Colombia","COL",75.542,67.312,71.32,2360,92669093766,25.1,22.1,27.9,5.63529348
2000,"Costa Rica","CRI",80.038,75.252,77.586,3560,14147095325,13.1,11.6,14.5,6.56498671
2000,"Czechia","CZE",78.4,71.7,74.96829268,6340,64985326114,5.5,4.8,6.1,5.70103025
2000,"Denmark","DNK",79,74.3,76.59268293,32580,1.73981e+11,5.6,5.1,6.2,8.10438347
2000,"Estonia","EST",76,65.1,70.41707317,4170,5820015771,11,9.7,12.3,5.16377735
2000,"Finland","FIN",81,74.1,77.46585366,26480,1.37074e+11,4.3,3.8,4.7,7.09253168
2000,"France","FRA",83,75.3,79.05609756,24990,1.52227e+12,5.4,4.7,6,9.58447742
2000,"Germany","DEU",81,75,77.92682927,26180,2.15193e+12,5.4,4.8,5.9,9.8881979
2000,"Hungary","HUN",75.6,67.1,71.24634146,4620,47144494749,10.1,9.2,11.1,6.77804327
2000,"Iceland","ISL",81.6,77.8,79.65365854,31540,8869735783,4,3.7,4.3,8.89924335
2000,"Ireland","IRL",79.2,74,76.53658537,24130,91821846293,7.1,6.4,7.8,5.89902735
2000,"Israel","ISR",80.9,77.1,78.95365854,19960,1.25504e+11,6.9,6.4,7.4,6.79617071
2000,"Italy","ITA",82.8,76.9,79.77804878,21910,1.24764e+12,5.6,5.2,6,7.56665516
2000,"Japan","JPN",84.6,77.72,81.07609756,36810,4.66926e+12,4.5,4.1,4.9,7.03456163
2000,"Korea, Rep.","KOR",79.7,72.3,75.9097561,11030,5.18606e+11,7.5,7,8,3.89759398
2000,"Latvia","LVA",76,64.9,70.31463415,3320,7863357763,14.2,12.8,15.5,5.43338442
2000,"Lithuania","LTU",77.5,66.8,72.0195122,3210,11230719155,10.7,9.6,11.8,6.19950438
2000,"Luxembourg","LUX",81.1,74.8,77.87317073,45690,19935821208,4.5,4.1,4.9,5.92533875
2000,"Mexico","MEX",76.512,70.692,73.569,6280,6.14243e+11,28.3,25.5,31,4.44912481
2000,"Netherlands","NLD",80.6,75.5,77.98780488,28160,4.4849e+11,6.2,5.5,6.8,7.7069602
2000,"New Zealand","NZL",81.3,76.1,78.63658537,14070,54292466806,7.4,6.6,8.1,7.4700222
2000,"Norway","NOR",81.4,76,78.63414634,36600,1.64362e+11,4.9,4.3,5.4,7.71215487
2000,"Poland","POL",78,69.7,73.74878049,4670,1.78732e+11,9.3,8.4,10.2,5.28789568
2000,"Portugal","PRT",79.9,72.9,76.31463415,12180,1.25367e+11,7.2,6.5,7.9,8.60104179
2000,"Slovak Republic","SVK",77.2,69.1,73.05121951,5540,29845119860,9.8,8.7,10.7,5.30256939
2000,"Slovenia","SVN",79.1,71.9,75.41219512,11270,22413932465,5.5,4.9,6,7.80406952
2000,"Spain","ESP",82.5,75.6,78.96585366,15790,6.40418e+11,5.4,4.9,5.9,6.7992177
2000,"Sweden","SWE",82,77.4,79.64390244,31610,2.80487e+11,4.1,3.7,4.5,7.32689953
2000,"Switzerland","CHE",82.6,76.9,79.6804878,44580,3.20278e+11,5.6,5,6.2,9.11401939
2000,"Turkiye","TUR",75.274,68.582,71.861,4260,2.72933e+11,37.9,36,39.6,4.59957218
2000,"United Kingdom","GBR",80.2,75.4,77.74146341,29390,1.73074e+12,6.5,5.8,7.2,7.19114876
2000,"United States","USA",79.3,74.1,76.63658537,35960,1.01466e+13,8.4,7.6,9.3,12.48710918
